{
  "name": "majority_baseline",
  "accuracy": 0.5818181818181818,
  "macro_f1": 0.24521072796934865,
  "classification_report": {
    "0": {
      "precision": 0.0,
      "recall": 0.0,
      "f1-score": 0.0,
      "support": 12.0
    },
    "1": {
      "precision": 0.0,
      "recall": 0.0,
      "f1-score": 0.0,
      "support": 11.0
    },
    "2": {
      "precision": 0.5818181818181818,
      "recall": 1.0,
      "f1-score": 0.735632183908046,
      "support": 32.0
    },
    "accuracy": 0.5818181818181818,
    "macro avg": {
      "precision": 0.19393939393939394,
      "recall": 0.3333333333333333,
      "f1-score": 0.24521072796934865,
      "support": 55.0
    },
    "weighted avg": {
      "precision": 0.33851239669421485,
      "recall": 0.5818181818181818,
      "f1-score": 0.42800417972831767,
      "support": 55.0
    }
  },
  "confusion_matrix": [
    [
      0,
      0,
      12
    ],
    [
      0,
      0,
      11
    ],
    [
      0,
      0,
      32
    ]
  ]
}