{
  "name": "majority_baseline",
  "accuracy": 0.6008403361344538,
  "macro_f1": 0.25021872265966755,
  "classification_report": {
    "0": {
      "precision": 0.0,
      "recall": 0.0,
      "f1-score": 0.0,
      "support": 56.0
    },
    "1": {
      "precision": 0.0,
      "recall": 0.0,
      "f1-score": 0.0,
      "support": 39.0
    },
    "2": {
      "precision": 0.6008403361344538,
      "recall": 1.0,
      "f1-score": 0.7506561679790026,
      "support": 143.0
    },
    "accuracy": 0.6008403361344538,
    "macro avg": {
      "precision": 0.2002801120448179,
      "recall": 0.3333333333333333,
      "f1-score": 0.25021872265966755,
      "support": 238.0
    },
    "weighted avg": {
      "precision": 0.3610091095261634,
      "recall": 0.6008403361344538,
      "f1-score": 0.4510245042899049,
      "support": 238.0
    }
  },
  "confusion_matrix": [
    [
      0,
      0,
      56
    ],
    [
      0,
      0,
      39
    ],
    [
      0,
      0,
      143
    ]
  ]
}