{
  "name": "majority_baseline",
  "accuracy": 0.5845588235294118,
  "macro_f1": 0.24593967517401394,
  "classification_report": {
    "0": {
      "precision": 0.0,
      "recall": 0.0,
      "f1-score": 0.0,
      "support": 60.0
    },
    "1": {
      "precision": 0.0,
      "recall": 0.0,
      "f1-score": 0.0,
      "support": 53.0
    },
    "2": {
      "precision": 0.5845588235294118,
      "recall": 1.0,
      "f1-score": 0.7378190255220418,
      "support": 159.0
    },
    "accuracy": 0.5845588235294118,
    "macro avg": {
      "precision": 0.1948529411764706,
      "recall": 0.3333333333333333,
      "f1-score": 0.24593967517401394,
      "support": 272.0
    },
    "weighted avg": {
      "precision": 0.34170901816609,
      "recall": 0.5845588235294118,
      "f1-score": 0.4312986215367818,
      "support": 272.0
    }
  },
  "confusion_matrix": [
    [
      0,
      0,
      60
    ],
    [
      0,
      0,
      53
    ],
    [
      0,
      0,
      159
    ]
  ]
}