{
  "name": "nutrition_logreg",
  "accuracy": 0.35661764705882354,
  "macro_f1": 0.344097267999707,
  "classification_report": {
    "0": {
      "precision": 0.2727272727272727,
      "recall": 0.4,
      "f1-score": 0.32432432432432434,
      "support": 60.0
    },
    "1": {
      "precision": 0.2268041237113402,
      "recall": 0.41509433962264153,
      "f1-score": 0.29333333333333333,
      "support": 53.0
    },
    "2": {
      "precision": 0.5862068965517241,
      "recall": 0.32075471698113206,
      "f1-score": 0.4146341463414634,
      "support": 159.0
    },
    "accuracy": 0.35661764705882354,
    "macro avg": {
      "precision": 0.3619127643301123,
      "recall": 0.37861635220125783,
      "f1-score": 0.344097267999707,
      "support": 272.0
    },
    "weighted avg": {
      "precision": 0.44702629217669676,
      "recall": 0.35661764705882354,
      "f1-score": 0.3710770418912456,
      "support": 272.0
    }
  },
  "confusion_matrix": [
    [
      24,
      17,
      19
    ],
    [
      14,
      22,
      17
    ],
    [
      50,
      58,
      51
    ]
  ]
}