{
  "name": "nutrition_logreg",
  "accuracy": 0.31092436974789917,
  "macro_f1": 0.30002884691662524,
  "classification_report": {
    "0": {
      "precision": 0.27906976744186046,
      "recall": 0.42857142857142855,
      "f1-score": 0.3380281690140845,
      "support": 56.0
    },
    "1": {
      "precision": 0.15294117647058825,
      "recall": 0.3333333333333333,
      "f1-score": 0.20967741935483872,
      "support": 39.0
    },
    "2": {
      "precision": 0.5522388059701493,
      "recall": 0.25874125874125875,
      "f1-score": 0.3523809523809524,
      "support": 143.0
    },
    "accuracy": 0.31092436974789917,
    "macro avg": {
      "precision": 0.32808324996086596,
      "recall": 0.3402153402153402,
      "f1-score": 0.30002884691662524,
      "support": 238.0
    },
    "weighted avg": {
      "precision": 0.4225326139194474,
      "recall": 0.31092436974789917,
      "f1-score": 0.32561963449623377,
      "support": 238.0
    }
  },
  "confusion_matrix": [
    [
      24,
      15,
      17
    ],
    [
      13,
      13,
      13
    ],
    [
      49,
      57,
      37
    ]
  ]
}