{
  "name": "oracle_knn_embeddings",
  "accuracy": 0.34545454545454546,
  "macro_f1": 0.2741508789895886,
  "classification_report": {
    "0": {
      "precision": 0.5,
      "recall": 0.16666666666666666,
      "f1-score": 0.25,
      "support": 12.0
    },
    "1": {
      "precision": 0.05,
      "recall": 0.09090909090909091,
      "f1-score": 0.06451612903225806,
      "support": 11.0
    },
    "2": {
      "precision": 0.5161290322580645,
      "recall": 0.5,
      "f1-score": 0.5079365079365079,
      "support": 32.0
    },
    "accuracy": 0.34545454545454546,
    "macro avg": {
      "precision": 0.35537634408602153,
      "recall": 0.25252525252525254,
      "f1-score": 0.2741508789895886,
      "support": 55.0
    },
    "weighted avg": {
      "precision": 0.4193841642228739,
      "recall": 0.34545454545454546,
      "f1-score": 0.3629753758786017,
      "support": 55.0
    }
  },
  "confusion_matrix": [
    [
      2,
      5,
      5
    ],
    [
      0,
      1,
      10
    ],
    [
      2,
      14,
      16
    ]
  ]
}