{
  "name": "oracle_knn_embeddings",
  "accuracy": 0.37815126050420167,
  "macro_f1": 0.3432459150404456,
  "classification_report": {
    "0": {
      "precision": 0.3125,
      "recall": 0.5357142857142857,
      "f1-score": 0.39473684210526316,
      "support": 56.0
    },
    "1": {
      "precision": 0.15254237288135594,
      "recall": 0.23076923076923078,
      "f1-score": 0.1836734693877551,
      "support": 39.0
    },
    "2": {
      "precision": 0.6144578313253012,
      "recall": 0.35664335664335667,
      "f1-score": 0.45132743362831856,
      "support": 143.0
    },
    "accuracy": 0.37815126050420167,
    "macro avg": {
      "precision": 0.3598334014022191,
      "recall": 0.3743756243756244,
      "f1-score": 0.3432459150404456,
      "support": 238.0
    },
    "weighted avg": {
      "precision": 0.46771690093231494,
      "recall": 0.37815126050420167,
      "f1-score": 0.39415273728095274,
      "support": 238.0
    }
  },
  "confusion_matrix": [
    [
      30,
      11,
      15
    ],
    [
      13,
      9,
      17
    ],
    [
      53,
      39,
      51
    ]
  ]
}