{
  "name": "oracle_knn_embeddings",
  "accuracy": 0.36764705882352944,
  "macro_f1": 0.3292007321537523,
  "classification_report": {
    "0": {
      "precision": 0.2696629213483146,
      "recall": 0.4,
      "f1-score": 0.3221476510067114,
      "support": 60.0
    },
    "1": {
      "precision": 0.1791044776119403,
      "recall": 0.22641509433962265,
      "f1-score": 0.2,
      "support": 53.0
    },
    "2": {
      "precision": 0.5517241379310345,
      "recall": 0.4025157232704403,
      "f1-score": 0.46545454545454545,
      "support": 159.0
    },
    "accuracy": 0.36764705882352944,
    "macro avg": {
      "precision": 0.33349717896376313,
      "recall": 0.34297693920335437,
      "f1-score": 0.3292007321537523,
      "support": 272.0
    },
    "weighted avg": {
      "precision": 0.41689871516678745,
      "recall": 0.36764705882352944,
      "f1-score": 0.38211813157233604,
      "support": 272.0
    }
  },
  "confusion_matrix": [
    [
      24,
      12,
      24
    ],
    [
      13,
      12,
      28
    ],
    [
      52,
      43,
      64
    ]
  ]
}