{
  "name": "sbert_fusion_mlp",
  "accuracy": 0.39338235294117646,
  "macro_f1": 0.37469935999347764,
  "classification_report": {
    "0": {
      "precision": 0.3026315789473684,
      "recall": 0.38333333333333336,
      "f1-score": 0.3382352941176471,
      "support": 60.0
    },
    "1": {
      "precision": 0.25263157894736843,
      "recall": 0.4528301886792453,
      "f1-score": 0.32432432432432434,
      "support": 53.0
    },
    "2": {
      "precision": 0.594059405940594,
      "recall": 0.37735849056603776,
      "f1-score": 0.46153846153846156,
      "support": 159.0
    },
    "accuracy": 0.39338235294117646,
    "macro avg": {
      "precision": 0.38310752127844366,
      "recall": 0.40450733752620555,
      "f1-score": 0.37469935999347764,
      "support": 272.0
    },
    "weighted avg": {
      "precision": 0.4632456395794378,
      "recall": 0.39338235294117646,
      "f1-score": 0.40760265522376254,
      "support": 272.0
    }
  },
  "confusion_matrix": [
    [
      23,
      16,
      21
    ],
    [
      9,
      24,
      20
    ],
    [
      44,
      55,
      60
    ]
  ]
}