{
  "name": "sbert_fusion_linear",
  "accuracy": 0.3639705882352941,
  "macro_f1": 0.35425537381672534,
  "classification_report": {
    "0": {
      "precision": 0.28735632183908044,
      "recall": 0.4166666666666667,
      "f1-score": 0.3401360544217687,
      "support": 60.0
    },
    "1": {
      "precision": 0.23300970873786409,
      "recall": 0.4528301886792453,
      "f1-score": 0.3076923076923077,
      "support": 53.0
    },
    "2": {
      "precision": 0.6097560975609756,
      "recall": 0.31446540880503143,
      "f1-score": 0.4149377593360996,
      "support": 159.0
    },
    "accuracy": 0.3639705882352941,
    "macro avg": {
      "precision": 0.3767073760459734,
      "recall": 0.39465408805031443,
      "f1-score": 0.35425537381672534,
      "support": 272.0
    },
    "weighted avg": {
      "precision": 0.46522835803546597,
      "recall": 0.3639705882352941,
      "f1-score": 0.37754029157146424,
      "support": 272.0
    }
  },
  "confusion_matrix": [
    [
      25,
      19,
      16
    ],
    [
      13,
      24,
      16
    ],
    [
      49,
      60,
      50
    ]
  ]
}