{
  "name": "sbert_fusion_mlp",
  "accuracy": 0.4411764705882353,
  "macro_f1": 0.3639771134846493,
  "classification_report": {
    "0": {
      "precision": 0.33783783783783783,
      "recall": 0.44642857142857145,
      "f1-score": 0.38461538461538464,
      "support": 56.0
    },
    "1": {
      "precision": 0.13636363636363635,
      "recall": 0.15384615384615385,
      "f1-score": 0.14457831325301204,
      "support": 39.0
    },
    "2": {
      "precision": 0.6166666666666667,
      "recall": 0.5174825174825175,
      "f1-score": 0.5627376425855514,
      "support": 143.0
    },
    "accuracy": 0.4411764705882353,
    "macro avg": {
      "precision": 0.36362271362271364,
      "recall": 0.37258574758574764,
      "f1-score": 0.3639771134846493,
      "support": 238.0
    },
    "weighted avg": {
      "precision": 0.47235476500182383,
      "recall": 0.4411764705882353,
      "f1-score": 0.4523046161557263,
      "support": 238.0
    }
  },
  "confusion_matrix": [
    [
      25,
      7,
      24
    ],
    [
      11,
      6,
      22
    ],
    [
      38,
      31,
      74
    ]
  ]
}