{
  "name": "sbert_fusion_mlp",
  "accuracy": 0.5454545454545454,
  "macro_f1": 0.31962025316455694,
  "classification_report": {
    "0": {
      "precision": 0.5,
      "recall": 0.16666666666666666,
      "f1-score": 0.25,
      "support": 12.0
    },
    "1": {
      "precision": 0.0,
      "recall": 0.0,
      "f1-score": 0.0,
      "support": 11.0
    },
    "2": {
      "precision": 0.5957446808510638,
      "recall": 0.875,
      "f1-score": 0.7088607594936709,
      "support": 32.0
    },
    "accuracy": 0.5454545454545454,
    "macro avg": {
      "precision": 0.3652482269503546,
      "recall": 0.34722222222222227,
      "f1-score": 0.31962025316455694,
      "support": 55.0
    },
    "weighted avg": {
      "precision": 0.455705996131528,
      "recall": 0.5454545454545454,
      "f1-score": 0.4669735327963176,
      "support": 55.0
    }
  },
  "confusion_matrix": [
    [
      2,
      2,
      8
    ],
    [
      0,
      0,
      11
    ],
    [
      2,
      2,
      28
    ]
  ]
}