{
  "name": "sbert_fusion_mlp",
  "accuracy": 0.45588235294117646,
  "macro_f1": 0.3969344012204424,
  "classification_report": {
    "0": {
      "precision": 0.27692307692307694,
      "recall": 0.3,
      "f1-score": 0.288,
      "support": 60.0
    },
    "1": {
      "precision": 0.3064516129032258,
      "recall": 0.3584905660377358,
      "f1-score": 0.33043478260869563,
      "support": 53.0
    },
    "2": {
      "precision": 0.6,
      "recall": 0.5471698113207547,
      "f1-score": 0.5723684210526315,
      "support": 159.0
    },
    "accuracy": 0.45588235294117646,
    "macro avg": {
      "precision": 0.39445822994210095,
      "recall": 0.4018867924528302,
      "f1-score": 0.3969344012204424,
      "support": 272.0
    },
    "weighted avg": {
      "precision": 0.4715342650707926,
      "recall": 0.45588235294117646,
      "f1-score": 0.46249861185893115,
      "support": 272.0
    }
  },
  "confusion_matrix": [
    [
      18,
      8,
      34
    ],
    [
      10,
      19,
      24
    ],
    [
      37,
      35,
      87
    ]
  ]
}