{
  "name": "tfidf_logreg",
  "accuracy": 0.40441176470588236,
  "macro_f1": 0.3864027538726334,
  "classification_report": {
    "0": {
      "precision": 0.29245283018867924,
      "recall": 0.5166666666666667,
      "f1-score": 0.37349397590361444,
      "support": 60.0
    },
    "1": {
      "precision": 0.273972602739726,
      "recall": 0.37735849056603776,
      "f1-score": 0.31746031746031744,
      "support": 53.0
    },
    "2": {
      "precision": 0.6344086021505376,
      "recall": 0.3710691823899371,
      "f1-score": 0.46825396825396826,
      "support": 159.0
    },
    "accuracy": 0.40441176470588236,
    "macro avg": {
      "precision": 0.40027801169298094,
      "recall": 0.4216981132075472,
      "f1-score": 0.3864027538726334,
      "support": 272.0
    },
    "weighted avg": {
      "precision": 0.48874516727375633,
      "recall": 0.40441176470588236,
      "f1-score": 0.4179684423970391,
      "support": 272.0
    }
  },
  "confusion_matrix": [
    [
      31,
      13,
      16
    ],
    [
      15,
      20,
      18
    ],
    [
      60,
      40,
      59
    ]
  ]
}