{
  "name": "tfidf_logreg",
  "accuracy": 0.29411764705882354,
  "macro_f1": 0.2836489025556789,
  "classification_report": {
    "0": {
      "precision": 0.2602739726027397,
      "recall": 0.3392857142857143,
      "f1-score": 0.29457364341085274,
      "support": 56.0
    },
    "1": {
      "precision": 0.14736842105263157,
      "recall": 0.358974358974359,
      "f1-score": 0.208955223880597,
      "support": 39.0
    },
    "2": {
      "precision": 0.5285714285714286,
      "recall": 0.25874125874125875,
      "f1-score": 0.3474178403755869,
      "support": 143.0
    },
    "accuracy": 0.29411764705882354,
    "macro avg": {
      "precision": 0.3120712740755999,
      "recall": 0.319000444000444,
      "f1-score": 0.2836489025556789,
      "support": 238.0
    },
    "weighted avg": {
      "precision": 0.40297657635512746,
      "recall": 0.29411764705882354,
      "f1-score": 0.3122946593952099,
      "support": 238.0
    }
  },
  "confusion_matrix": [
    [
      19,
      18,
      19
    ],
    [
      11,
      14,
      14
    ],
    [
      43,
      63,
      37
    ]
  ]
}